seq,location,class,geometry,distance,speed,subject,take,filename,seconds,note
1,locB_outdoor_path,bg,empty,far,na,p0,1,bg_empty_far_na_p0_take1.h5,60,"Lot empty, nobody in the beam. Baseline clutter. Note wind."
2,locB_outdoor_path,bg,empty,far,na,p0,2,bg_empty_far_na_p0_take2.h5,60,"Lot empty, nobody in the beam. Baseline clutter. Note wind."
3,locB_outdoor_path,bg,empty,far,na,p0,3,bg_empty_far_na_p0_take3.h5,60,"Lot empty, nobody in the beam. Baseline clutter. Note wind."
4,locB_outdoor_path,bg,empty,far,na,p0,4,bg_empty_far_na_p0_take4.h5,60,"Lot empty, nobody in the beam. Baseline clutter. Note wind."
5,locB_outdoor_path,bg,empty,far,na,p0,5,bg_empty_far_na_p0_take5.h5,60,"Lot empty, nobody in the beam. Baseline clutter. Note wind."
6,locB_outdoor_path,bg,empty,far,na,p0,6,bg_empty_far_na_p0_take6.h5,60,"Lot empty, nobody in the beam. Baseline clutter. Note wind."
7,locB_outdoor_path,bg,vegetation,mid,na,p0,1,bg_vegetation_mid_na_p0_take1.h5,60,Swaying vegetation or a tree line in the beam. Note wind strength.
8,locB_outdoor_path,bg,vegetation,mid,na,p0,2,bg_vegetation_mid_na_p0_take2.h5,60,Swaying vegetation or a tree line in the beam. Note wind strength.
9,locB_outdoor_path,bg,vegetation,mid,na,p0,3,bg_vegetation_mid_na_p0_take3.h5,60,Swaying vegetation or a tree line in the beam. Note wind strength.
10,locB_outdoor_path,bg,vegetation,mid,na,p0,4,bg_vegetation_mid_na_p0_take4.h5,60,Swaying vegetation or a tree line in the beam. Note wind strength.
11,locB_outdoor_path,bg,distant,far,na,p0,1,bg_distant_far_na_p0_take1.h5,60,Distant traffic audible and visible but outside the beam.
12,locB_outdoor_path,bg,distant,far,na,p0,2,bg_distant_far_na_p0_take2.h5,60,Distant traffic audible and visible but outside the beam.
13,locB_outdoor_path,bg,distant,far,na,p0,3,bg_distant_far_na_p0_take3.h5,60,Distant traffic audible and visible but outside the beam.
14,locB_outdoor_path,bg,bystanders,far,na,p0,1,bg_bystanders_far_na_p0_take1.h5,60,People crossing the lot well outside the beam. Team members only.
15,locB_outdoor_path,bg,bystanders,far,na,p0,2,bg_bystanders_far_na_p0_take2.h5,60,People crossing the lot well outside the beam. Team members only.
16,locB_outdoor_path,bg,bystanders,far,na,p0,3,bg_bystanders_far_na_p0_take3.h5,60,People crossing the lot well outside the beam. Team members only.
17,locB_outdoor_path,bg,standing,near,na,p0,1,bg_standing_near_na_p0_take1.h5,60,Subject stands still on the axis. Breathing and sway only.
18,locB_outdoor_path,bg,standing,near,na,p0,2,bg_standing_near_na_p0_take2.h5,60,Subject stands still on the axis. Breathing and sway only.
19,locB_outdoor_path,bg,standing,near,na,p0,3,bg_standing_near_na_p0_take3.h5,60,Subject stands still on the axis. Breathing and sway only.
20,locB_outdoor_path,bg,standing,mid,na,p0,1,bg_standing_mid_na_p0_take1.h5,60,"As above, mid range."
21,locB_outdoor_path,bg,standing,mid,na,p0,2,bg_standing_mid_na_p0_take2.h5,60,"As above, mid range."
22,locB_outdoor_path,bg,standing,mid,na,p0,3,bg_standing_mid_na_p0_take3.h5,60,"As above, mid range."
23,locB_outdoor_path,bg,standing,far,na,p0,1,bg_standing_far_na_p0_take1.h5,60,"As above, at the far band."
24,locB_outdoor_path,bg,standing,far,na,p0,2,bg_standing_far_na_p0_take2.h5,60,"As above, at the far band."
25,locB_outdoor_path,bg,operator,near,na,p0,1,bg_operator_near_na_p0_take1.h5,30,"Operator moves behind the sensor, beam otherwise clear."
26,locB_outdoor_path,bg,operator,near,na,p0,2,bg_operator_near_na_p0_take2.h5,30,"Operator moves behind the sensor, beam otherwise clear."
27,locB_outdoor_path,ped,approach,far,slow,p1,1,ped_approach_far_slow_p1_take1.h5,25,
28,locB_outdoor_path,ped,approach,far,normal,p1,1,ped_approach_far_normal_p1_take1.h5,20,
29,locB_outdoor_path,ped,approach,far,normal,p1,2,ped_approach_far_normal_p1_take2.h5,20,
30,locB_outdoor_path,ped,approach,far,normal,p1,3,ped_approach_far_normal_p1_take3.h5,20,
31,locB_outdoor_path,ped,approach,far,fast,p1,1,ped_approach_far_fast_p1_take1.h5,15,
32,locB_outdoor_path,ped,approach,far,fast,p1,2,ped_approach_far_fast_p1_take2.h5,15,
33,locB_outdoor_path,ped,approach,mid,normal,p1,1,ped_approach_mid_normal_p1_take1.h5,20,
34,locB_outdoor_path,ped,approach,mid,normal,p1,2,ped_approach_mid_normal_p1_take2.h5,20,
35,locB_outdoor_path,ped,depart,far,normal,p1,1,ped_depart_far_normal_p1_take1.h5,20,
36,locB_outdoor_path,ped,depart,far,normal,p1,2,ped_depart_far_normal_p1_take2.h5,20,
37,locB_outdoor_path,ped,depart,far,fast,p1,1,ped_depart_far_fast_p1_take1.h5,15,
38,locB_outdoor_path,ped,depart,mid,normal,p1,1,ped_depart_mid_normal_p1_take1.h5,20,
39,locB_outdoor_path,ped,approach,far,slow,p2,1,ped_approach_far_slow_p2_take1.h5,25,
40,locB_outdoor_path,ped,approach,far,normal,p2,1,ped_approach_far_normal_p2_take1.h5,20,
41,locB_outdoor_path,ped,approach,far,normal,p2,2,ped_approach_far_normal_p2_take2.h5,20,
42,locB_outdoor_path,ped,approach,far,normal,p2,3,ped_approach_far_normal_p2_take3.h5,20,
43,locB_outdoor_path,ped,approach,far,fast,p2,1,ped_approach_far_fast_p2_take1.h5,15,
44,locB_outdoor_path,ped,approach,far,fast,p2,2,ped_approach_far_fast_p2_take2.h5,15,
45,locB_outdoor_path,ped,approach,mid,normal,p2,1,ped_approach_mid_normal_p2_take1.h5,20,
46,locB_outdoor_path,ped,approach,mid,normal,p2,2,ped_approach_mid_normal_p2_take2.h5,20,
47,locB_outdoor_path,ped,depart,far,normal,p2,1,ped_depart_far_normal_p2_take1.h5,20,
48,locB_outdoor_path,ped,depart,far,normal,p2,2,ped_depart_far_normal_p2_take2.h5,20,
49,locB_outdoor_path,ped,depart,far,fast,p2,1,ped_depart_far_fast_p2_take1.h5,15,
50,locB_outdoor_path,ped,depart,mid,normal,p2,1,ped_depart_mid_normal_p2_take1.h5,20,
51,locB_outdoor_path,ped,approach,far,slow,p3,1,ped_approach_far_slow_p3_take1.h5,25,
52,locB_outdoor_path,ped,approach,far,normal,p3,1,ped_approach_far_normal_p3_take1.h5,20,
53,locB_outdoor_path,ped,approach,far,normal,p3,2,ped_approach_far_normal_p3_take2.h5,20,
54,locB_outdoor_path,ped,approach,far,normal,p3,3,ped_approach_far_normal_p3_take3.h5,20,
55,locB_outdoor_path,ped,approach,far,fast,p3,1,ped_approach_far_fast_p3_take1.h5,15,
56,locB_outdoor_path,ped,approach,far,fast,p3,2,ped_approach_far_fast_p3_take2.h5,15,
57,locB_outdoor_path,ped,approach,mid,normal,p3,1,ped_approach_mid_normal_p3_take1.h5,20,
58,locB_outdoor_path,ped,approach,mid,normal,p3,2,ped_approach_mid_normal_p3_take2.h5,20,
59,locB_outdoor_path,ped,depart,far,normal,p3,1,ped_depart_far_normal_p3_take1.h5,20,
60,locB_outdoor_path,ped,depart,far,normal,p3,2,ped_depart_far_normal_p3_take2.h5,20,
61,locB_outdoor_path,ped,depart,far,fast,p3,1,ped_depart_far_fast_p3_take1.h5,15,
62,locB_outdoor_path,ped,depart,mid,normal,p3,1,ped_depart_mid_normal_p3_take1.h5,20,
63,locB_outdoor_path,ped2,approach,far,normal,g1,1,ped2_approach_far_normal_g1_take1.h5,20,
64,locB_outdoor_path,ped2,approach,far,normal,g1,2,ped2_approach_far_normal_g1_take2.h5,20,
65,locB_outdoor_path,ped2,approach,far,normal,g1,3,ped2_approach_far_normal_g1_take3.h5,20,
66,locB_outdoor_path,ped2,approach,far,fast,g1,1,ped2_approach_far_fast_g1_take1.h5,15,
67,locB_outdoor_path,ped2,approach,mid,normal,g1,1,ped2_approach_mid_normal_g1_take1.h5,20,
68,locB_outdoor_path,ped2,depart,far,normal,g1,1,ped2_depart_far_normal_g1_take1.h5,20,
69,locB_outdoor_path,ped2,depart,far,normal,g1,2,ped2_depart_far_normal_g1_take2.h5,20,
70,locB_outdoor_path,ped2,depart,far,fast,g1,1,ped2_depart_far_fast_g1_take1.h5,15,
71,locB_outdoor_path,ped2,approach,far,normal,g2,1,ped2_approach_far_normal_g2_take1.h5,20,
72,locB_outdoor_path,ped2,approach,far,normal,g2,2,ped2_approach_far_normal_g2_take2.h5,20,
73,locB_outdoor_path,ped2,approach,far,normal,g2,3,ped2_approach_far_normal_g2_take3.h5,20,
74,locB_outdoor_path,ped2,approach,far,fast,g2,1,ped2_approach_far_fast_g2_take1.h5,15,
75,locB_outdoor_path,ped2,approach,mid,normal,g2,1,ped2_approach_mid_normal_g2_take1.h5,20,
76,locB_outdoor_path,ped2,depart,far,normal,g2,1,ped2_depart_far_normal_g2_take1.h5,20,
77,locB_outdoor_path,ped2,depart,far,normal,g2,2,ped2_depart_far_normal_g2_take2.h5,20,
78,locB_outdoor_path,ped2,depart,far,fast,g2,1,ped2_depart_far_fast_g2_take1.h5,15,
79,locB_outdoor_path,ped3,approach,far,normal,g1,1,ped3_approach_far_normal_g1_take1.h5,20,
80,locB_outdoor_path,ped3,approach,far,normal,g1,2,ped3_approach_far_normal_g1_take2.h5,20,
81,locB_outdoor_path,ped3,approach,far,normal,g1,3,ped3_approach_far_normal_g1_take3.h5,20,
82,locB_outdoor_path,ped3,approach,far,fast,g1,1,ped3_approach_far_fast_g1_take1.h5,15,
83,locB_outdoor_path,ped3,approach,mid,normal,g1,1,ped3_approach_mid_normal_g1_take1.h5,20,
84,locB_outdoor_path,ped3,depart,far,normal,g1,1,ped3_depart_far_normal_g1_take1.h5,20,
85,locB_outdoor_path,ped3,depart,far,normal,g1,2,ped3_depart_far_normal_g1_take2.h5,20,
86,locB_outdoor_path,ped3,depart,far,fast,g1,1,ped3_depart_far_fast_g1_take1.h5,15,
87,locB_outdoor_path,cane,approach,far,slow,p1,1,cane_approach_far_slow_p1_take1.h5,25,
88,locB_outdoor_path,cane,approach,far,slow,p1,2,cane_approach_far_slow_p1_take2.h5,25,
89,locB_outdoor_path,cane,approach,far,normal,p1,1,cane_approach_far_normal_p1_take1.h5,20,
90,locB_outdoor_path,cane,approach,far,normal,p1,2,cane_approach_far_normal_p1_take2.h5,20,
91,locB_outdoor_path,cane,approach,far,normal,p1,3,cane_approach_far_normal_p1_take3.h5,20,
92,locB_outdoor_path,cane,approach,mid,normal,p1,1,cane_approach_mid_normal_p1_take1.h5,20,
93,locB_outdoor_path,cane,depart,far,slow,p1,1,cane_depart_far_slow_p1_take1.h5,25,
94,locB_outdoor_path,cane,depart,far,normal,p1,1,cane_depart_far_normal_p1_take1.h5,20,
95,locB_outdoor_path,cane,approach,far,slow,p2,1,cane_approach_far_slow_p2_take1.h5,25,
96,locB_outdoor_path,cane,approach,far,slow,p2,2,cane_approach_far_slow_p2_take2.h5,25,
97,locB_outdoor_path,cane,approach,far,normal,p2,1,cane_approach_far_normal_p2_take1.h5,20,
98,locB_outdoor_path,cane,approach,far,normal,p2,2,cane_approach_far_normal_p2_take2.h5,20,
99,locB_outdoor_path,cane,approach,far,normal,p2,3,cane_approach_far_normal_p2_take3.h5,20,
100,locB_outdoor_path,cane,approach,mid,normal,p2,1,cane_approach_mid_normal_p2_take1.h5,20,
101,locB_outdoor_path,cane,depart,far,slow,p2,1,cane_depart_far_slow_p2_take1.h5,25,
102,locB_outdoor_path,cane,depart,far,normal,p2,1,cane_depart_far_normal_p2_take1.h5,20,
103,locB_outdoor_path,canegrp,approach,far,slow,g1,1,canegrp_approach_far_slow_g1_take1.h5,25,
104,locB_outdoor_path,canegrp,approach,far,slow,g1,2,canegrp_approach_far_slow_g1_take2.h5,25,
105,locB_outdoor_path,canegrp,approach,far,normal,g1,1,canegrp_approach_far_normal_g1_take1.h5,20,
106,locB_outdoor_path,canegrp,approach,far,normal,g1,2,canegrp_approach_far_normal_g1_take2.h5,20,
107,locB_outdoor_path,canegrp,approach,far,normal,g1,3,canegrp_approach_far_normal_g1_take3.h5,20,
108,locB_outdoor_path,canegrp,approach,mid,normal,g1,1,canegrp_approach_mid_normal_g1_take1.h5,20,
109,locB_outdoor_path,canegrp,depart,far,slow,g1,1,canegrp_depart_far_slow_g1_take1.h5,25,
110,locB_outdoor_path,canegrp,depart,far,normal,g1,1,canegrp_depart_far_normal_g1_take1.h5,20,
111,locB_outdoor_path,cyc,approach,far,slow,p1,1,cyc_approach_far_slow_p1_take1.h5,25,
112,locB_outdoor_path,cyc,approach,far,slow,p1,2,cyc_approach_far_slow_p1_take2.h5,25,
113,locB_outdoor_path,cyc,approach,far,normal,p1,1,cyc_approach_far_normal_p1_take1.h5,20,
114,locB_outdoor_path,cyc,approach,far,normal,p1,2,cyc_approach_far_normal_p1_take2.h5,20,
115,locB_outdoor_path,cyc,approach,far,normal,p1,3,cyc_approach_far_normal_p1_take3.h5,20,
116,locB_outdoor_path,cyc,approach,far,normal,p1,4,cyc_approach_far_normal_p1_take4.h5,20,
117,locB_outdoor_path,cyc,approach,far,fast,p1,1,cyc_approach_far_fast_p1_take1.h5,15,
118,locB_outdoor_path,cyc,approach,far,fast,p1,2,cyc_approach_far_fast_p1_take2.h5,15,
119,locB_outdoor_path,cyc,approach,far,coast,p1,1,cyc_approach_far_coast_p1_take1.h5,20,
120,locB_outdoor_path,cyc,approach,far,coast,p1,2,cyc_approach_far_coast_p1_take2.h5,20,
121,locB_outdoor_path,cyc,depart,far,normal,p1,1,cyc_depart_far_normal_p1_take1.h5,20,
122,locB_outdoor_path,cyc,depart,far,normal,p1,2,cyc_depart_far_normal_p1_take2.h5,20,
123,locB_outdoor_path,cyc,depart,far,normal,p1,3,cyc_depart_far_normal_p1_take3.h5,20,
124,locB_outdoor_path,cyc,depart,far,fast,p1,1,cyc_depart_far_fast_p1_take1.h5,15,
125,locB_outdoor_path,cyc,depart,mid,normal,p1,1,cyc_depart_mid_normal_p1_take1.h5,20,
126,locB_outdoor_path,cyc,depart,mid,normal,p1,2,cyc_depart_mid_normal_p1_take2.h5,20,
127,locB_outdoor_path,cyc,approach,far,slow,p2,1,cyc_approach_far_slow_p2_take1.h5,25,
128,locB_outdoor_path,cyc,approach,far,slow,p2,2,cyc_approach_far_slow_p2_take2.h5,25,
129,locB_outdoor_path,cyc,approach,far,normal,p2,1,cyc_approach_far_normal_p2_take1.h5,20,
130,locB_outdoor_path,cyc,approach,far,normal,p2,2,cyc_approach_far_normal_p2_take2.h5,20,
131,locB_outdoor_path,cyc,approach,far,normal,p2,3,cyc_approach_far_normal_p2_take3.h5,20,
132,locB_outdoor_path,cyc,approach,far,normal,p2,4,cyc_approach_far_normal_p2_take4.h5,20,
133,locB_outdoor_path,cyc,approach,far,fast,p2,1,cyc_approach_far_fast_p2_take1.h5,15,
134,locB_outdoor_path,cyc,approach,far,fast,p2,2,cyc_approach_far_fast_p2_take2.h5,15,
135,locB_outdoor_path,cyc,approach,far,coast,p2,1,cyc_approach_far_coast_p2_take1.h5,20,
136,locB_outdoor_path,cyc,approach,far,coast,p2,2,cyc_approach_far_coast_p2_take2.h5,20,
137,locB_outdoor_path,cyc,depart,far,normal,p2,1,cyc_depart_far_normal_p2_take1.h5,20,
138,locB_outdoor_path,cyc,depart,far,normal,p2,2,cyc_depart_far_normal_p2_take2.h5,20,
139,locB_outdoor_path,cyc,depart,far,normal,p2,3,cyc_depart_far_normal_p2_take3.h5,20,
140,locB_outdoor_path,cyc,depart,far,fast,p2,1,cyc_depart_far_fast_p2_take1.h5,15,
141,locB_outdoor_path,cyc,depart,mid,normal,p2,1,cyc_depart_mid_normal_p2_take1.h5,20,
142,locB_outdoor_path,cyc,depart,mid,normal,p2,2,cyc_depart_mid_normal_p2_take2.h5,20,
143,locB_outdoor_path,sct,approach,far,slow,p1,1,sct_approach_far_slow_p1_take1.h5,25,
144,locB_outdoor_path,sct,approach,far,slow,p1,2,sct_approach_far_slow_p1_take2.h5,25,
145,locB_outdoor_path,sct,approach,far,normal,p1,1,sct_approach_far_normal_p1_take1.h5,20,
146,locB_outdoor_path,sct,approach,far,normal,p1,2,sct_approach_far_normal_p1_take2.h5,20,
147,locB_outdoor_path,sct,approach,far,normal,p1,3,sct_approach_far_normal_p1_take3.h5,20,
148,locB_outdoor_path,sct,approach,far,normal,p1,4,sct_approach_far_normal_p1_take4.h5,20,
149,locB_outdoor_path,sct,approach,far,fast,p1,1,sct_approach_far_fast_p1_take1.h5,15,
150,locB_outdoor_path,sct,approach,far,fast,p1,2,sct_approach_far_fast_p1_take2.h5,15,
151,locB_outdoor_path,sct,depart,far,normal,p1,1,sct_depart_far_normal_p1_take1.h5,20,
152,locB_outdoor_path,sct,depart,far,normal,p1,2,sct_depart_far_normal_p1_take2.h5,20,
153,locB_outdoor_path,sct,depart,far,normal,p1,3,sct_depart_far_normal_p1_take3.h5,20,
154,locB_outdoor_path,sct,depart,far,fast,p1,1,sct_depart_far_fast_p1_take1.h5,15,
155,locB_outdoor_path,sct,depart,mid,normal,p1,1,sct_depart_mid_normal_p1_take1.h5,20,
156,locB_outdoor_path,sct,depart,mid,normal,p1,2,sct_depart_mid_normal_p1_take2.h5,20,
157,locB_outdoor_path,sct,approach,far,slow,p2,1,sct_approach_far_slow_p2_take1.h5,25,
158,locB_outdoor_path,sct,approach,far,slow,p2,2,sct_approach_far_slow_p2_take2.h5,25,
159,locB_outdoor_path,sct,approach,far,normal,p2,1,sct_approach_far_normal_p2_take1.h5,20,
160,locB_outdoor_path,sct,approach,far,normal,p2,2,sct_approach_far_normal_p2_take2.h5,20,
161,locB_outdoor_path,sct,approach,far,normal,p2,3,sct_approach_far_normal_p2_take3.h5,20,
162,locB_outdoor_path,sct,approach,far,normal,p2,4,sct_approach_far_normal_p2_take4.h5,20,
163,locB_outdoor_path,sct,approach,far,fast,p2,1,sct_approach_far_fast_p2_take1.h5,15,
164,locB_outdoor_path,sct,approach,far,fast,p2,2,sct_approach_far_fast_p2_take2.h5,15,
165,locB_outdoor_path,sct,depart,far,normal,p2,1,sct_depart_far_normal_p2_take1.h5,20,
166,locB_outdoor_path,sct,depart,far,normal,p2,2,sct_depart_far_normal_p2_take2.h5,20,
167,locB_outdoor_path,sct,depart,far,normal,p2,3,sct_depart_far_normal_p2_take3.h5,20,
168,locB_outdoor_path,sct,depart,far,fast,p2,1,sct_depart_far_fast_p2_take1.h5,15,
169,locB_outdoor_path,sct,depart,mid,normal,p2,1,sct_depart_mid_normal_p2_take1.h5,20,
170,locB_outdoor_path,sct,depart,mid,normal,p2,2,sct_depart_mid_normal_p2_take2.h5,20,
171,locB_outdoor_path,cross,lr,mid,normal,p1,1,cross_lr_mid_normal_p1_take1.h5,20,
172,locB_outdoor_path,cross,lr,mid,normal,p1,2,cross_lr_mid_normal_p1_take2.h5,20,
173,locB_outdoor_path,cross,lr,mid,fast,p1,1,cross_lr_mid_fast_p1_take1.h5,15,
174,locB_outdoor_path,cross,lr,near,normal,p1,1,cross_lr_near_normal_p1_take1.h5,20,
175,locB_outdoor_path,cross,rl,mid,normal,p1,1,cross_rl_mid_normal_p1_take1.h5,20,
176,locB_outdoor_path,cross,rl,mid,normal,p1,2,cross_rl_mid_normal_p1_take2.h5,20,
177,locB_outdoor_path,cross,rl,mid,fast,p1,1,cross_rl_mid_fast_p1_take1.h5,15,
178,locB_outdoor_path,cross,rl,near,normal,p1,1,cross_rl_near_normal_p1_take1.h5,20,
179,locB_outdoor_path,cross,lr,mid,normal,p2,1,cross_lr_mid_normal_p2_take1.h5,20,
180,locB_outdoor_path,cross,lr,mid,normal,p2,2,cross_lr_mid_normal_p2_take2.h5,20,
181,locB_outdoor_path,cross,lr,mid,fast,p2,1,cross_lr_mid_fast_p2_take1.h5,15,
182,locB_outdoor_path,cross,lr,near,normal,p2,1,cross_lr_near_normal_p2_take1.h5,20,
183,locB_outdoor_path,cross,rl,mid,normal,p2,1,cross_rl_mid_normal_p2_take1.h5,20,
184,locB_outdoor_path,cross,rl,mid,normal,p2,2,cross_rl_mid_normal_p2_take2.h5,20,
185,locB_outdoor_path,cross,rl,mid,fast,p2,1,cross_rl_mid_fast_p2_take1.h5,15,
186,locB_outdoor_path,cross,rl,near,normal,p2,1,cross_rl_near_normal_p2_take1.h5,20,
187,locB_outdoor_path,cross,lr,mid,normal,p3,1,cross_lr_mid_normal_p3_take1.h5,20,
188,locB_outdoor_path,cross,lr,mid,normal,p3,2,cross_lr_mid_normal_p3_take2.h5,20,
189,locB_outdoor_path,cross,lr,mid,fast,p3,1,cross_lr_mid_fast_p3_take1.h5,15,
190,locB_outdoor_path,cross,lr,near,normal,p3,1,cross_lr_near_normal_p3_take1.h5,20,
191,locB_outdoor_path,cross,rl,mid,normal,p3,1,cross_rl_mid_normal_p3_take1.h5,20,
192,locB_outdoor_path,cross,rl,mid,normal,p3,2,cross_rl_mid_normal_p3_take2.h5,20,
193,locB_outdoor_path,cross,rl,mid,fast,p3,1,cross_rl_mid_fast_p3_take1.h5,15,
194,locB_outdoor_path,cross,rl,near,normal,p3,1,cross_rl_near_normal_p3_take1.h5,20,
